source_id,source_type,source_name,country,region,official_domain,booking_url,iata_code,icao_code,india_relevant,domestic_india_flights,international_flights,source_category,access_method,api_available,robots_status,terms_url,fare_visibility,dynamic_rendering,captcha_present,login_required,route_coverage,status,last_verified,verification_source,notes
SIH26056-0110,OTA,MakeMyTrip,India,South Asia,makemytrip.com,https://makemytrip.com,Not applicable,Not applicable,Yes,Yes,Yes,OTA - flight booking,Unknown,Unknown,Not verified,Not verified,Not verified,Not verified,Not verified,Not verified,Unknown,Verified,2026-09-27,Company official website (name/existence check),"SIH26056-required source. India's largest OTA by traffic; flights, hotels, rail, bus."
SIH26056-0111,OTA,Yatra,India,South Asia,yatra.com,https://yatra.com,Not applicable,Not applicable,Yes,Yes,Yes,OTA - flight booking,Unknown,Unknown,Not verified,Not verified,Not verified,Not verified,Not verified,Not verified,Unknown,Verified,2026-09-27,Company official website (name/existence check),SIH26056-required source.
SIH26056-0112,OTA,EaseMyTrip,India,South Asia,easemytrip.com,https://easemytrip.com,Not applicable,Not applicable,Yes,Yes,Yes,OTA - flight booking,Unknown,Unknown,Not verified,Not verified,Not verified,Not verified,Not verified,Not verified,Unknown,Verified,2026-09-27,Company official website (name/existence check),SIH26056-required source.
SIH26056-0113,OTA,Cleartrip,India,South Asia,cleartrip.com,https://cleartrip.com,Not applicable,Not applicable,Yes,Yes,Yes,OTA - flight booking,Unknown,Unknown,Not verified,Not verified,Not verified,Not verified,Not verified,Not verified,Unknown,Verified,2026-09-27,Company official website (name/existence check),SIH26056-required source. Owned by Flipkart group.
SIH26056-0114,OTA,Ixigo,India,South Asia,ixigo.com,https://ixigo.com,Not applicable,Not applicable,Yes,Yes,Yes,OTA / metasearch hybrid,Unknown,Unknown,Not verified,Not verified,Not verified,Not verified,Not verified,Not verified,Unknown,Verified,2026-09-27,Company official website (name/existence check),SIH26056-required source. Functions as both metasearch and direct booking platform; classify per actual booking flow observed.
SIH26056-0115,OTA,Goibibo,India,South Asia,goibibo.com,https://goibibo.com,Not applicable,Not applicable,Yes,Yes,Yes,OTA - flight booking,Unknown,Unknown,Not verified,Not verified,Not verified,Not verified,Not verified,Not verified,Unknown,Verified,2026-09-27,Company official website (name/existence check),SIH26056-required source. Part of MakeMyTrip Group.
SIH26056-0116,OTA,Paytm Travel (Flights),India,South Asia,paytm.com/flights,https://paytm.com/flights,Not applicable,Not applicable,Yes,Yes,Yes,OTA - flight booking,Unknown,Unknown,Not verified,Not verified,Not verified,Not verified,Not verified,Not verified,Unknown,Candidate,2026-09-27,Company official website (name/existence check),
SIH26056-0117,OTA,Via.com,India,South Asia,via.com,https://via.com,Not applicable,Not applicable,Yes,Yes,Yes,OTA - flight booking,Unknown,Unknown,Not verified,Not verified,Not verified,Not verified,Not verified,Not verified,Unknown,Candidate,2026-09-27,Company official website (name/existence check),
SIH26056-0118,OTA,Musafir.com (India),India,South Asia,musafir.com,https://musafir.com,Not applicable,Not applicable,Yes,Yes,Yes,OTA - flight booking,Unknown,Unknown,Not verified,Not verified,Not verified,Not verified,Not verified,Not verified,Unknown,Candidate,2026-09-27,Company official website (name/existence check),
SIH26056-0119,OTA,SOTC Travel,India,South Asia,sotc.in,https://sotc.in,Not applicable,Not applicable,Yes,Yes,Yes,OTA / tour operator,Unknown,Unknown,Not verified,Not verified,Not verified,Not verified,Not verified,Not verified,Unknown,Candidate,2026-09-27,Company official website (name/existence check),
SIH26056-0120,OTA,Thomas Cook (India),India,South Asia,thomascook.in,https://thomascook.in,Not applicable,Not applicable,Yes,Yes,Yes,OTA / tour operator,Unknown,Unknown,Not verified,Not verified,Not verified,Not verified,Not verified,Not verified,Unknown,Candidate,2026-09-27,Company official website (name/existence check),
SIH26056-0121,OTA,Akbar Travels,India,South Asia,akbartravels.com,https://akbartravels.com,Not applicable,Not applicable,Yes,Yes,Yes,OTA - flight booking,Unknown,Unknown,Not verified,Not verified,Not verified,Not verified,Not verified,Not verified,Unknown,Candidate,2026-09-27,Company official website (name/existence check),
SIH26056-0122,OTA,Travel Boutique Online (TBO.com),India,South Asia,tbo.com,https://tbo.com,Not applicable,Not applicable,Yes,Yes,Yes,Travel Technology / B2B OTA platform,Unknown,Unknown,Not verified,Not verified,Not verified,Not verified,Not verified,Not verified,Unknown,Needs review,2026-09-27,Company official website (name/existence check),"Primarily B2B distribution platform for travel agents, not direct-to-consumer."
SIH26056-0123,OTA,FCM Travel Solutions (India),India,South Asia,fcm.travel,https://fcm.travel,Not applicable,Not applicable,Yes,Yes,Yes,Corporate travel management,Unknown,Unknown,Not verified,Not verified,Not verified,Not verified,Not verified,Not verified,Unknown,Needs review,2026-09-27,Company official website (name/existence check),
SIH26056-0124,OTA,American Express Global Business Travel (India),India,South Asia,amexglobalbusinesstravel.com,https://amexglobalbusinesstravel.com,Not applicable,Not applicable,Yes,Yes,Yes,Corporate travel management,Unknown,Unknown,Not verified,Not verified,Not verified,Not verified,Not verified,Not verified,Unknown,Needs review,2026-09-27,Company official website (name/existence check),
SIH26056-0125,OTA,Cox & Kings,India,South Asia,coxandkings.com,https://coxandkings.com,Not applicable,Not applicable,Yes,Yes,Yes,OTA / tour operator,Unknown,Unknown,Not verified,Not verified,Not verified,Not verified,Not verified,Not verified,Unknown,Needs review,2026-09-27,Company official website (name/existence check),Verify current operational/financial status before use.
SIH26056-0126,OTA,Balmer Lawrie Travel & Vacations,India,South Asia,balmerlawrietravel.com,https://balmerlawrietravel.com,Not applicable,Not applicable,Yes,Yes,Yes,OTA - flight booking,Unknown,Unknown,Not verified,Not verified,Not verified,Not verified,Not verified,Not verified,Unknown,Needs review,2026-09-27,Company official website (name/existence check),
SIH26056-0127,OTA,Riya Travel,India,South Asia,riya.travel,https://riya.travel,Not applicable,Not applicable,Yes,Yes,Yes,Travel Technology / B2B,Unknown,Unknown,Not verified,Not verified,Not verified,Not verified,Not verified,Not verified,Unknown,Needs review,2026-09-27,Company official website (name/existence check),
SIH26056-0128,OTA,Spree Hospitality / Travelguru,India,South Asia,travelguru.com,https://travelguru.com,Not applicable,Not applicable,Yes,Yes,Yes,OTA - flight booking,Unknown,Unknown,Not verified,Not verified,Not verified,Not verified,Not verified,Not verified,Unknown,Needs review,2026-09-27,Company official website (name/existence check),Verify domain is still active before use.
SIH26056-0129,OTA,Yatra Freight/Corporate (Yatra for Business),India,South Asia,business.yatra.com,https://business.yatra.com,Not applicable,Not applicable,Yes,Yes,Yes,OTA - flight booking,Unknown,Unknown,Not verified,Not verified,Not verified,Not verified,Not verified,Not verified,Unknown,Needs review,2026-09-27,Company official website (name/existence check),Corporate-travel arm of Yatra; may overlap with main Yatra listing.
SIH26056-0143,OTA,Kiwi.com,Czech Republic,Europe,kiwi.com,https://kiwi.com,Not applicable,Not applicable,Yes,Yes,Yes,OTA - flight booking,Unknown,Unknown,Not verified,Not verified,Not verified,Not verified,Not verified,Not verified,Unknown,Candidate,2026-09-27,Company official website (name/existence check),Virtual interlining OTA; also exposes a developer API (Tequila) — verify current commercial terms.
SIH26056-0156,OTA,Expedia,United States,North America,expedia.com,https://expedia.com,Not applicable,Not applicable,Yes,Yes,Yes,OTA - flight booking,Unknown,Unknown,Not verified,Not verified,Not verified,Not verified,Not verified,Not verified,Unknown,Verified,2026-09-27,Company official website (name/existence check),
SIH26056-0161,OTA,CheapOair,United States,North America,cheapoair.com,https://cheapoair.com,Not applicable,Not applicable,Yes,Yes,Yes,OTA - flight booking,Unknown,Unknown,Not verified,Not verified,Not verified,Not verified,Not verified,Not verified,Unknown,Candidate,2026-09-27,Company official website (name/existence check),
SIH26056-0166,OTA,Booking.com (Flights),Netherlands,Europe/Global,booking.com,https://booking.com,Not applicable,Not applicable,Yes,Yes,Yes,"OTA (hotel-led, expanded into flights)",Unknown,Unknown,Not verified,Not verified,Not verified,Not verified,Not verified,Not verified,Unknown,Candidate,2026-09-27,Company official website (name/existence check),
SIH26056-0168,OTA,StudentUniverse,United States,North America,studentuniverse.com,https://studentuniverse.com,Not applicable,Not applicable,Yes,Yes,Yes,OTA (student/youth fares),Unknown,Unknown,Not verified,Not verified,Not verified,Not verified,Not verified,Not verified,Unknown,Needs review,2026-09-27,Company official website (name/existence check),
SIH26056-0169,OTA,Vayama,United States,North America,vayama.com,https://vayama.com,Not applicable,Not applicable,Yes,Yes,Yes,OTA - flight booking,Unknown,Unknown,Not verified,Not verified,Not verified,Not verified,Not verified,Not verified,Unknown,Needs review,2026-09-27,Company official website (name/existence check),Focused on international/ethnic fares including India routes; verify current activity.
SIH26056-0170,OTA,Trip.com,China,East Asia,trip.com,https://trip.com,Not applicable,Not applicable,Yes,Yes,Yes,OTA - flight booking,Unknown,Unknown,Not verified,Not verified,Not verified,Not verified,Not verified,Not verified,Unknown,Verified,2026-09-27,Company official website (name/existence check),
SIH26056-0183,OTA,Traveloka,Indonesia,Southeast Asia,traveloka.com,https://traveloka.com,Not applicable,Not applicable,Yes,Yes,Yes,OTA - flight booking,Unknown,Unknown,Not verified,Not verified,Not verified,Not verified,Not verified,Not verified,Unknown,Verified,2026-09-27,Company official website (name/existence check),
SIH26056-0185,OTA,Agoda (Flights),Singapore,Southeast Asia,agoda.com,https://agoda.com,Not applicable,Not applicable,Yes,Yes,Yes,"OTA (hotel-led, expanded into flights)",Unknown,Unknown,Not verified,Not verified,Not verified,Not verified,Not verified,Not verified,Unknown,Candidate,2026-09-27,Company official website (name/existence check),Part of Booking Holdings.
SIH26056-0186,OTA,AirAsia MOVE (airasiaMOVE),Malaysia,Southeast Asia,airasiamove.com,https://airasiamove.com,Not applicable,Not applicable,Yes,Yes,Yes,OTA - flight booking,Unknown,Unknown,Not verified,Not verified,Not verified,Not verified,Not verified,Not verified,Unknown,Candidate,2026-09-27,Company official website (name/existence check),Formerly Tune Protect/AirAsia's OTA arm; rebranded airasia Superapp/MOVE.
SIH26056-0190,OTA,Flight Centre,Australia,Oceania,flightcentre.com.au,https://flightcentre.com.au,Not applicable,Not applicable,Yes,Yes,Yes,OTA / travel agency (retail + online),Unknown,Unknown,Not verified,Not verified,Not verified,Not verified,Not verified,Not verified,Unknown,Candidate,2026-09-27,Company official website (name/existence check),
SIH26056-0205,OTA,IRCTC Air,India,South Asia,air.irctc.co.in,https://air.irctc.co.in,Not applicable,Not applicable,Yes,Yes,Yes,OTA (PSU),Unknown,Unknown,Not verified,Not verified,Not verified,Not verified,Not verified,Not verified,Unknown,Needs review,2026-09-27,Company official website (name/existence check),Air-ticketing portal of Indian Railway Catering & Tourism Corporation.
SIH26056-0206,OTA,Kesari Tours,India,South Asia,kesari.in,https://kesari.in,Not applicable,Not applicable,Yes,Yes,Yes,OTA / tour operator,Unknown,Unknown,Not verified,Not verified,Not verified,Not verified,Not verified,Not verified,Unknown,Needs review,2026-09-27,Company official website (name/existence check),
SIH26056-0207,OTA,Pickyourtrail,India,South Asia,pickyourtrail.com,https://pickyourtrail.com,Not applicable,Not applicable,Yes,Yes,Yes,OTA / custom holiday packages,Unknown,Unknown,Not verified,Not verified,Not verified,Not verified,Not verified,Not verified,Unknown,Needs review,2026-09-27,Company official website (name/existence check),Verify standalone flight-search capability vs. package-only booking.
SIH26056-0208,OTA,FareHawker,India,South Asia,farehawker.com,https://farehawker.com,Not applicable,Not applicable,Yes,Yes,Yes,Travel Technology / B2B fare aggregation,Unknown,Unknown,Not verified,Not verified,Not verified,Not verified,Not verified,Not verified,Unknown,Needs review,2026-09-27,Company official website (name/existence check),
SIH26056-0209,OTA,ezeego1,India,South Asia,ezeego1.com,https://ezeego1.com,Not applicable,Not applicable,Yes,Yes,Yes,OTA - flight booking,Unknown,Unknown,Not verified,Not verified,Not verified,Not verified,Not verified,Not verified,Unknown,Needs review,2026-09-27,Company official website (name/existence check),Legacy OTA (formerly Cox & Kings subsidiary); verify whether still active.
SIH26056-0210,OTA,SmartFares,United States,North America,smartfares.com,https://smartfares.com,Not applicable,Not applicable,Yes,Yes,Yes,OTA - flight booking,Unknown,Unknown,Not verified,Not verified,Not verified,Not verified,Not verified,Not verified,Unknown,Needs review,2026-09-27,Company official website (name/existence check),Ethnic/India-route fare specialist OTA.
SIH26056-0211,OTA,Travelation,United States,North America,travelation.com,https://travelation.com,Not applicable,Not applicable,Yes,Yes,Yes,OTA - flight booking,Unknown,Unknown,Not verified,Not verified,Not verified,Not verified,Not verified,Not verified,Unknown,Needs review,2026-09-27,Company official website (name/existence check),Ethnic/India-route fare specialist OTA.
SIH26056-0212,OTA,IndianEagle,United States,North America,indianeagle.com,https://indianeagle.com,Not applicable,Not applicable,Yes,Yes,Yes,OTA - flight booking,Unknown,Unknown,Not verified,Not verified,Not verified,Not verified,Not verified,Not verified,Unknown,Needs review,2026-09-27,Company official website (name/existence check),US-based OTA specialising in USA-India fares.
SIH26056-0215,OTA,Tajawal,UAE,Middle East,tajawal.com,https://tajawal.com,Not applicable,Not applicable,Yes,Yes,Yes,OTA - flight booking,Unknown,Unknown,Not verified,Not verified,Not verified,Not verified,Not verified,Not verified,Unknown,Candidate,2026-09-27,Company official website (name/existence check),Part of Seera Group; strong South Asia/India route focus.
SIH26056-0216,OTA,Rayna Tours,UAE,Middle East,raynatours.com,https://raynatours.com,Not applicable,Not applicable,Yes,Yes,Yes,OTA / tour operator,Unknown,Unknown,Not verified,Not verified,Not verified,Not verified,Not verified,Not verified,Unknown,Needs review,2026-09-27,Company official website (name/existence check),
SIH26056-0220,OTA,Klook,Hong Kong,East Asia,klook.com,https://klook.com,Not applicable,Not applicable,Yes,Yes,Yes,OTA (primarily activities; flight scope uncertain),Unknown,Unknown,Not verified,Not verified,Not verified,Not verified,Not verified,Not verified,Unknown,Needs review,2026-09-27,Company official website (name/existence check),Historically activities/attractions-led; verify current flight-booking coverage before use.
